{"ring":[[151677.6002399571,6836600.2999361],[151681.39971531986,6836609.400492232],[151685.4000246348,6836607.700553577],[151681.00020634918,6836597.199595859],[151680.0999007607,6836597.499905815],[151680.69995012204,6836598.999697176],[151677.6002399571,6836600.2999361]],"pts":[[151682.86000000002,6836602.12,17.48],[151681.24,6836599.54,17.47],[151680.48,6836604.2,17.66],[151681.36000000002,6836605.23,17.650000000000002],[151680.78,6836608.83,17.7],[151678.58000000002,6836601.46,17.68],[151679.71,6836602.04,17.64],[151681.25,6836608.640000001,17.77],[151680.09,6836601.23,17.56],[151682.96,6836606.48,17.61],[151682.92,6836600.4,17.06],[151677.53,6836601.17,16.92],[151678.9,6836603.88,17.7],[151680.84,6836598.61,17.45],[151680.71,6836602.890000001,17.61],[151681.21,6836602.94,17.6],[151681.04,6836603.97,17.650000000000002],[151682.09,6836600.640000001,17.47],[151680.79,6836608.49,17.76],[151682.35,6836605.32,17.6],[151684.01,6836604.13,17.47],[151683.74,6836605.78,17.57],[151678.43,6836603.58,17.92],[151678.99,6836604.12,17.740000000000002],[151678.66,6836602.100000001,17.67],[151678.38,6836600.09,17.68],[151679.68,6836605.22,17.72],[151680.38,6836606.390000001,17.73],[151679.97,6836603.69,17.68],[151679.66,6836601.7,17.62],[151681.08000000002,6836607.63,17.73],[151680.80000000002,6836605.95,17.69],[151680.43,6836600.2,17.51],[151681.92,6836606.63,17.650000000000002],[151681.61000000002,6836604.61,17.62],[151681.12,6836601.350000001,17.54],[151682.67,6836608.09,17.68],[151683.65,6836607.49,17.63],[151683.23,6836604.83,17.580000000000002],[151683.07,6836603.83,17.55],[151684.15,6836607.46,17.62],[151683.55000000002,6836603.74,17.51],[151683.14,6836601.4,17.31],[151684.55000000002,6836606.890000001,17.57],[151684.9,6836606.140000001,17.52],[151677.56,6836601.5200000005,16.7],[151677.73,6836601.17,17.75],[151678.94,6836600.26,17.62],[151678.78,6836601.2,17.67],[151679.59,6836599.62,17.54],[151679.48,6836600.3,17.580000000000002],[151679.43,6836600.640000001,17.59],[151679.26,6836601.58,17.64],[151679.17,6836602.23,17.66],[151679.11000000002,6836602.5600000005,17.67],[151678.92,6836604.53,17.39],[151679.34,6836604.9,16.18],[151680.38,6836597.88,17.51],[151680.1,6836599.850000001,17.52],[151680.06,6836600.18,17.54],[151679.52,6836603.43,17.68],[151679.36000000002,6836604.41,17.71],[151679.32,6836604.75,17.7],[151679.31,6836605.100000001,17.580000000000002],[151680.82,6836598.28,17.61],[151680.73,6836599.28,17.47],[151680.43,6836601.25,17.55],[151680.37,6836601.58,17.57],[151680.26,6836602.26,17.61],[151679.68,6836606.21,17.59],[151681.08000000002,6836600.57,17.5],[151680.65,6836603.23,17.63],[151680.39,6836604.850000001,17.69],[151680.05000000002,6836607.53,17.48],[151681.74,6836599.66,17.47],[151681.28,6836602.61,17.580000000000002],[151680.78,6836605.58,17.68],[151680.61000000002,6836606.600000001,17.72],[151680.52,6836607.26,17.72],[151680.41,6836608.23,17.59],[151682.12,6836599.97,17.62],[151681.61000000002,6836603.59,17.6],[151681.14,6836606.5600000005,17.69],[151680.97,6836607.54,17.73],[151682.28,6836599.8,18.69],[151682.57,6836600.83,17.400000000000002],[151682.47,6836601.49,17.48],[151682.25,6836602.75,17.55],[151681.9,6836605.03,17.61],[151681.84,6836605.350000001,17.62],[151681.51,6836607.3100000005,17.7],[151681.33000000002,6836608.28,17.76],[151682.74,6836599.79,18.72],[151682.75,6836600.07,18.56],[151682.61000000002,6836603.7,17.55],[151682.48,6836604.38,17.59],[151682.24,6836605.95,17.63],[151682.13,6836606.63,17.650000000000002],[151683.52,6836601.19,17.29],[151683.25,6836602.83,17.5],[151683.19,6836603.16,17.52],[151682.88,6836605.100000001,17.59],[151682.39,6836608.03,17.69],[151683.87,6836602.15,17.25],[151683.42,6836604.73,17.57],[151683.16,6836606.33,17.6],[151683.06,6836607.0200000005,17.63],[151682.85,6836607.99,17.69],[151684.09,6836603.8,17.38],[151683.78,6836605.46,17.580000000000002],[151683.53,6836607.11,17.62],[151684.77,6836605.51,17.56],[151685.16,6836606.53,17.56],[151677.57,6836601.45,17.79],[151677.52,6836601.140000001,17.78],[151678.33000000002,6836603.25,17.740000000000002],[151678.12,6836601.91,17.7],[151678.03,6836601.28,17.71],[151677.93,6836600.62,17.71],[151679.22,6836605.75,17.740000000000002],[151679.15,6836605.08,17.78],[151678.82,6836603.09,17.71],[151678.71,6836602.42,17.68],[151678.52,6836601.12,17.68],[151678.43,6836600.43,17.650000000000002],[151680.08000000002,6836607.59,17.81],[151679.96,6836606.94,17.76],[151679.46,6836603.890000001,17.69],[151679.32,6836602.850000001,17.67],[151678.86000000002,6836599.82,17.6],[151680.31,6836606.05,17.71],[151680.22,6836605.41,17.72],[151680.06,6836604.4,17.69],[151679.54,6836601,17.59],[151680.65,6836604.95,17.67],[151680.41,6836603.2700000005,17.64],[151680.30000000002,6836602.61,17.62],[151680.51,6836599.100000001,19.37],[151681.75,6836608.5600000005,17.77],[151681.34,6836606.21,17.66],[151681.15,6836604.9,17.650000000000002],[151681.1,6836604.5600000005,17.650000000000002],[151680.99,6836603.86,17.63],[151680.78,6836602.5600000005,17.580000000000002],[151680.69,6836601.88,17.56],[151680.58000000002,6836601.18,17.55],[151680.34,6836599.54,17.490000000000002],[151682.08000000002,6836607.58,17.67],[151681.99,6836606.95,17.66],[151681.87,6836606.29,17.64],[151681.42,6836603.3100000005,17.59],[151681.27,6836602.29,17.580000000000002],[151681.06,6836601.0200000005,17.52],[151680.87,6836599.67,17.48],[151682.53,6836607.13,17.64],[151682.15,6836604.8100000005,17.59],[151682.02,6836603.86,17.580000000000002],[151681.92,6836603.17,17.57],[151681.87,6836602.83,17.56],[151681.76,6836602.19,17.53],[151681.67,6836601.5600000005,17.52],[151681.42,6836599.88,17.47],[151682.81,6836605.45,17.6],[151682.65,6836604.45,17.580000000000002],[151682.45,6836603.140000001,17.55],[151682.29,6836602.11,17.51],[151682.09,6836600.82,17.47],[151682.41,6836599.76,18.79],[151683.54,6836606.82,17.6],[151683.12,6836604.15,17.56],[151682.53,6836600.55,17.34],[151682.91,6836600.18,18.57],[151683.98,6836606.41,17.59],[151683.93,6836606.08,17.580000000000002],[151683.83000000002,6836605.44,17.57],[151683.61000000002,6836604.08,17.53],[151683.46,6836603.07,17.48],[151682.98,6836600.72,17.09],[151684.6,6836607.24,17.59],[151684.29,6836605.19,17.57],[151683.82,6836602.49,17.37],[151683.66,6836601.82,17.11],[151683.62,6836601.47,17.21],[151685.1,6836607.18,17.6],[151677.84,6836600.51,17.72],[151677.81,6836600.84,17.71],[151677.7,6836601.5200000005,17.740000000000002],[151678.46,6836600.04,17.64],[151678.4,6836600.38,17.66],[151678.33000000002,6836600.72,17.68],[151678.28,6836601.05,17.69],[151678.24,6836601.38,17.69],[151678.18,6836601.7,17.7],[151678.09,6836602.32,17.71],[151679,6836599.94,17.59],[151678.84,6836600.87,17.66],[151678.74,6836601.53,17.66],[151678.7,6836601.87,17.66],[151678.55000000002,6836602.84,17.71],[151678.5,6836603.15,17.71],[151678.49,6836603.46,17.63],[151679.37,6836600.96,17.6],[151679.32,6836601.28,17.62],[151679.2,6836601.9,17.66],[151679.05000000002,6836602.9,17.7],[151679,6836603.24,17.71],[151678.95,6836603.5600000005,17.71],[151679.95,6836600.8100000005,17.56],[151679.84,6836601.45,17.6],[151679.73,6836602.140000001,17.63],[151679.59,6836603.12,17.67],[151679.25,6836605.43,17.61],[151680.79,6836598.94,17.46],[151680.69,6836599.63,17.48],[151680.64,6836599.97,17.490000000000002],[151680.52,6836600.61,17.53],[151680.31,6836601.91,17.59],[151680.15,6836602.93,17.64],[151679.94,6836604.21,17.69],[151679.72,6836605.57,17.72],[151679.69,6836605.890000001,17.69],[151681.27,6836599.21,17.48],[151681.14,6836600.23,17.48],[151681.02,6836600.9,17.52],[151680.91,6836601.54,17.55],[151680.87,6836601.86,17.56],[151680.81,6836602.2,17.57],[151680.59,6836603.5600000005,17.650000000000002],[151680.45,6836604.5200000005,17.67],[151680.15,6836606.21,17.73],[151680.06,6836606.850000001,17.73],[151680.07,6836607.19,17.59],[151681.7,6836599.98,17.47],[151681.64,6836600.3100000005,17.48],[151681.59,6836600.65,17.490000000000002],[151681.53,6836600.99,17.5],[151681.47,6836601.33,17.52],[151681.42,